SYMBOL,DART_TOTAL,DAYS,DART_AVG
EICHERMOT,1946.6992,3.0,648.8997
ZUARI,14.500008,3.0,4.833336
ONEPOINT,2.4499989,3.0,0.8166663
ABSLFTSLRG,0.0,1.0,0.0
HPIL,1.8499985,3.0,0.61666614
RTNINFRA,0.30000043,3.0,0.10000014
BBL,72.75,3.0,24.25
ASHIANA,11.400002,3.0,3.8000004
SPIC,4.25,3.0,1.4166666
CHROMATIC,0.19999999,3.0,0.06666666
SUMMITSEC,59.100006,3.0,19.700003
JSL,6.9000015,3.0,2.3000004
ASHOKLEY,6.399994,3.0,2.1333313
ATFL,97.400024,3.0,32.466675
BCG,0.39999962,3.0,0.1333332
JAICORPLTD,11.850006,3.0,3.950002
LAKPRE,0.0,1.0,0.0
BCP,4.200001,3.0,1.4000002
WSTCSTPAPR,15.350006,3.0,5.1166687
SUTLEJTEX,3.7999992,3.0,1.2666664
DPSCLTD,1.4499993,3.0,0.4833331
L&TFH,9.399994,3.0,3.1333313
CURATECH,0.0,1.0,0.0
SHRIPISTON,42.450012,3.0,14.150004
ANSALAPI,0.75,3.0,0.25
KELLTONTEC,6.049999,3.0,2.0166664
TARACHAND,2.5499992,1.0,2.5499992
BDL,40.100006,3.0,13.366669
DENORA,25.300003,3.0,8.433334
TIMETECHNO,6.6000023,3.0,2.2000008
TEXINFRA,11.700001,3.0,3.9000003
MARATHON,23.199997,3.0,7.733332
ZUARIGLOB,7.9000015,3.0,2.633334
SUPERSPIN,0.5999999,3.0,0.19999997
RAJSREESUG,5.950001,3.0,1.9833336
SFL,124.400024,3.0,41.466675
SUNDRMBRAK,60.50003,3.0,20.166677
STCINDIA,6.0,3.0,2.0
AVTNPL,6.0,3.0,2.0
BEL,13.699997,3.0,4.5666656
DHFL,190.08,23.0,8.264348
SURANASOL,1.8500004,3.0,0.6166668
BUTTERFLY,58.449997,3.0,19.483332
VERTOZ,0.0,1.0,0.0
SGL,1.250001,3.0,0.41666698
CREDITACC,120.00006,3.0,40.00002
LOKESHMACH,6.500004,3.0,2.166668
GULFPETRO,12.049999,3.0,4.0166664
MINDTECK,4.3999996,3.0,1.4666666
RAMSARUP,0.0,1.0,0.0
SGBJUN27,0.0,1.0,0.0
DBSTOCKBRO,0.0,3.0,0.0
HINDCOPPER,4.299999,3.0,1.433333
SHK,10.449997,3.0,3.4833324
SALONA,9.25,3.0,3.0833333
UVSL,0.15,3.0,0.05
PKTEA,31.199997,3.0,10.399999
KOTAKPSUBK,10.050003,3.0,3.350001
NIACL,17.5,3.0,5.8333335
PSUBNKBEES,2.5200024,3.0,0.8400008
769GS2043,0.0,1.0,0.0
KAUSHALYA,0.20000002,3.0,0.06666667
SIGIND,2.9000034,3.0,0.96666783
SONAMCLOCK,0.0,1.0,0.0
PRADIP,0.15000004,3.0,0.050000012
TORNTPOWER,29.450012,3.0,9.81667
ONWARDTEC,4.8499985,3.0,1.6166662
BHAGERIA,16.299995,3.0,5.433332
URJA,0.20000017,3.0,0.06666672
BLISSGVS,9.799988,3.0,3.2666626
SIL,1.9000015,3.0,0.63333386
OAL,31.34999,3.0,10.449997
SIS,113.55002,3.0,37.850006
BBTCL,0.5,1.0,0.5
ALLCARGO,12.5,3.0,4.1666665
OLECTRA,17.0,3.0,5.6666665
BHANDARI,0.30000007,3.0,0.100000024
TATACOMM,55.200012,3.0,18.400003
REFEX,5.1499977,3.0,1.7166659
APCL,29.09999,3.0,9.699997
JUBLFOOD,211.55005,3.0,70.516685
WESTLIFE,44.049988,3.0,14.68333
SWANENERGY,18.450005,3.0,6.1500015
JSWSTEEL,23.200018,6.0,3.8666697
M&MFIN,58.390015,8.0,7.298752
OSWALAGRO,2.2499995,3.0,0.7499998
SOMATEX,0.49999976,3.0,0.16666658
HIMATSEIDE,10.899994,3.0,3.6333313
V2RETAIL,20.299995,3.0,6.766665
HAVELLS,36.44995,3.0,12.149983
BIL,27.649994,3.0,9.216664
JMTAUTOLTD,0.100000024,3.0,0.033333343
WSI,0.049999952,3.0,0.01666665
BILENERGY,0.19999999,3.0,0.06666666
VMART,162.90002,3.0,54.300007
FLUOROCHEM,47.900024,3.0,15.966675
ANDPAPER,45.399994,3.0,15.133331
JVLAGRO,0.15000004,3.0,0.050000012
JISLDVREQS,1.4500003,3.0,0.48333344
ORIENTPPR,2.4500008,3.0,0.8166669
PGEL,11.099998,3.0,3.6999996
PANAMAPET,9.050003,3.0,3.0166676
SETFNIFBK,10.01001,3.0,3.33667
SHRIRAMEPC,0.75,3.0,0.25
UFLEX,18.449997,3.0,6.149999
GESHIP,42.55005,3.0,14.18335
GODREJAGRO,44.900024,3.0,14.966675
IVZINGOLD,34.0,2.0,17.0
BAYERCROP,156.3999,3.0,52.1333
NATCOPHARM,53.400024,3.0,17.800009
PNBGILTS,1.2500019,3.0,0.4166673
PGHH,979.2998,3.0,326.43326
SASKEN,81.20001,3.0,27.066671
WATERBASE,17.84999,3.0,5.949997
MONTECARLO,25.149994,3.0,8.383331
RKFORGE,41.75003,3.0,13.9166765
BFUTILITIE,43.75,3.0,14.583333
ICICIB22,1.9700012,3.0,0.65666705
FSC,36.25003,3.0,12.0833435
MAHASTEEL,18.800003,3.0,6.266668
TANTIACONS,0.100000024,2.0,0.050000012
FSL,6.6500015,3.0,2.2166672
PGHL,330.1997,3.0,110.06657
LPDC,0.30000007,3.0,0.100000024
INTEGRA,0.19999999,3.0,0.06666666
PRECOT,11.300001,3.0,3.7666671
CCHHL,0.60000014,3.0,0.20000005
OILCOUNTUB,0.3499999,3.0,0.11666664
ARROWTEX,0.8500004,3.0,0.28333345
POWERGRID,18.800003,3.0,6.266668
CASTEXTECH,0.25,3.0,0.083333336
M14RG,0.25,1.0,0.25
ICEMAKE,0.0,2.0,0.0
KOTAKNIFTY,3.8700104,3.0,1.2900034
BIRLAMONEY,3.75,3.0,1.25
APEX,77.350006,3.0,25.783335
HINDALCO,15.249985,3.0,5.0833282
SURANAT&P,1.0500004,3.0,0.35000014
AKSHARCHEM,52.550003,3.0,17.516668
DRREDDY,243.8501,3.0,81.28336
SHIVATEX,25.250008,3.0,8.416669
BLS,6.3499985,3.0,2.116666
NATIONALUM,4.6500015,3.0,1.5500005
NETFCONSUM,2.2499962,3.0,0.74999875
MANALIPETC,2.5999985,3.0,0.86666614
GABRIEL,12.099991,3.0,4.0333304
AGROPHOS,0.0,3.0,0.0
BHARATRAS,382.2998,3.0,127.433266
SETFNIF50,7.3799973,3.0,2.459999
COALINDIA,19.300003,3.0,6.4333344
HEXATRADEX,3.3000002,3.0,1.1
TECHNOE,34.450012,3.0,11.483337
VENUSREM,2.6499996,3.0,0.8833332
PRSMJOHNSN,6.2000046,3.0,2.0666683
AIRAN,2.9499998,3.0,0.9833333
VIJIFIN,0.20000002,3.0,0.06666667
HEROMOTOCO,127.84985,3.0,42.61662
STINDIA,0.9500003,3.0,0.31666675
CONTROLPR,43.250015,3.0,14.416672
MUNJALAU,5.1000023,3.0,1.7000008
KARURVYSYA,8.950001,3.0,2.9833336
BSHSL,5.0999985,3.0,1.6999995
RELIGARE,6.7999954,3.0,2.2666652
PGIL,18.75,3.0,6.25
HONDAPOWER,140.5,3.0,46.833332
L&TFINANCE,100.02002,17.0,5.8835306
BIOFILCHEM,2.3499994,3.0,0.7833331
JSWHL,280.05005,3.0,93.35001
IREDA,10.0,4.0,2.5
PITTIENG,3.2999992,3.0,1.0999998
MFSL,39.350006,3.0,13.116669
AHLWEST,62.5,3.0,20.833334
IRBINVIT,2.0299988,3.0,0.67666626
IGARASHI,40.600006,3.0,13.533336
GALLANTT,6.949999,3.0,2.3166664
PRIMESECU,6.6000023,3.0,2.2000008
MAITHANALL,71.95001,3.0,23.983337
ALBK,1.8999977,3.0,0.63333255
KITEX,15.550003,3.0,5.1833344
TMRVL,1.6500006,3.0,0.5500002
MCDOWELL-N,69.45001,3.0,23.150003
TEAMLEASE,248.3999,3.0,82.799965
OIL,18.749992,3.0,6.2499976
SPTL,0.25000012,3.0,0.08333337
RIIL,48.0,3.0,16.0
NETWORK18,3.5999985,3.0,1.1999995
BPL,3.3500004,3.0,1.1166668
RADICO,64.50003,3.0,21.50001
AMBUJACEM,18.75,3.0,6.25
SRF,224.1001,3.0,74.700035
GINNIFILA,1.7999992,3.0,0.5999997
ESSELPACK,27.599976,3.0,9.199992
GOLDSHARE,131.69995,3.0,43.899982
ZYDUSWELL,150.0,3.0,50.0
AARVI,0.0,1.0,0.0
SARVESHWAR,0.20000076,3.0,0.06666692
TVSMOTOR,30.25,3.0,10.083333
HNDFDS,107.85004,3.0,35.950012
PERSISTENT,96.70001,3.0,32.233337
ADHUNIKIND,6.3499985,3.0,2.116666
LICNETFSEN,74.49997,3.0,24.833323
JASH,20.549988,3.0,6.849996
UNIVASTU,0.29999924,2.0,0.14999962
ESCORTS,131.70001,3.0,43.900005
IFBAGRO,61.649994,3.0,20.549997
NETFDIVOPP,3.6000004,3.0,1.2000002
KCP,7.9500046,3.0,2.6500015
ASAHIINDIA,24.599976,3.0,8.199992
PROZONINTU,1.6999989,3.0,0.5666663
COROMANDEL,69.60004,3.0,23.200012
INDOSOLAR,0.20000005,3.0,0.066666685
VIKASECO,0.35000014,3.0,0.11666671
INVENTURE,1.999999,3.0,0.6666663
MSPL,1.1500001,3.0,0.38333336
JSWENERGY,6.35001,3.0,2.11667
PPAP,33.549988,3.0,11.18333
CERA,134.19995,3.0,44.73332
ZODIAC,0.0,1.0,0.0
GULFOILLUB,24.599976,3.0,8.199992
ATUL,315.8496,3.0,105.2832
BANARISUG,207.25,3.0,69.083336
KIRIINDUS,42.299988,3.0,14.099996
BSE,28.950012,3.0,9.650004
SPYL,0.100000024,3.0,0.033333343
VASCONEQ,4.049999,3.0,1.3499998
BSL,5.1500015,3.0,1.7166672
SUNPHARMA,33.5,3.0,11.166667
ICICI500,6.0700073,3.0,2.0233357
MERCATOR,0.050000012,3.0,0.016666671
SHIL,29.300018,3.0,9.766673
NEULANDLAB,98.50003,3.0,32.833344
AARON,5.0999985,3.0,1.6999995
LTTS,150.54993,3.0,50.183308
GUJAPOLLO,12.75,3.0,4.25
KEC,43.80002,3.0,14.600006
ANDHRABANK,1.5,3.0,0.5
PUSHPREALM,0.0,3.0,0.0
CESC,55.150085,3.0,18.383362
INDIGO,151.69983,3.0,50.56661
KEI,57.049988,3.0,19.016663
KTKBANK,4.2999954,3.0,1.4333318
MEGASOFT,1.1499996,3.0,0.3833332
BAJFINANCE,455.3501,3.0,151.78337
ICICISENSX,18.819977,3.0,6.2733254
RUSHIL,12.300003,3.0,4.100001
REGENCERAM,0.0,3.0,0.0
CEATLTD,65.599976,3.0,21.86666
INDIACEM,8.400002,3.0,2.8000004
DELTAMAGNT,7.500004,3.0,2.5000012
VINDHYATEL,79.849976,3.0,26.61666
CYBERMEDIA,0.0,2.0,0.0
INDLMETER,3.8999996,3.0,1.2999998
MAGNUM,0.4499998,3.0,0.14999993
BODALCHEM,5.1500015,3.0,1.7166672
HTMEDIA,1.2999983,3.0,0.43333277
NETF,2.6600113,3.0,0.8866704
MANXT50,96.92999,1.0,96.92999
EQUITAS,19.449997,3.0,6.483332
METALFORGE,0.3000002,3.0,0.10000006
SALZERELEC,22.150002,3.0,7.3833337
GODHA,0.0,2.0,0.0
MOIL,23.09999,3.0,7.699997
KICL,115.650024,3.0,38.550007
PRABHAT,5.2499924,3.0,1.7499975
KGL,0.29999998,3.0,0.099999994
DIXON,935.5005,3.0,311.8335
SALSTEEL,0.70000005,3.0,0.23333335
IIFLFIN,203.79999,22.0,9.263636
SANGHVIFOR,3.75,3.0,1.25
BALKRISIND,82.3999,3.0,27.466635
UTTAMSUGAR,19.25,3.0,6.4166665
3PLAND,1.3000002,3.0,0.4333334
SDBL,11.25,3.0,3.75
NESCO,90.599976,3.0,30.199991
SGBMAR25,81.0,3.0,27.0
SGBMAR24,50.0,3.0,16.666666
KHAITANLTD,2.0999985,3.0,0.6999995
PLASTIBLEN,18.949982,3.0,6.3166604
ARCHIDPLY,5.7000027,3.0,1.9000009
PILITA,0.75,3.0,0.25
AARVEEDEN,2.2999992,3.0,0.7666664
DEEPAKFERT,16.19999,3.0,5.3999963
SAKUMA,0.9499998,3.0,0.3166666
LYPSAGEMS,1.5999999,3.0,0.5333333
HDFC,119.55005,3.0,39.850018
EXPLEOSOL,55.75,3.0,18.583334
JCHAC,199.55005,3.0,66.516685
HINDOILEXP,7.2499924,3.0,2.4166641
TATASTLLP,42.75,3.0,14.25
ICICINXT50,3.0500011,3.0,1.016667
CSBBANK,21.550003,3.0,7.1833344
GMDCLTD,5.5,3.0,1.8333334
BBTC,124.04993,3.0,41.349976
CENTENKA,20.249985,3.0,6.7499948
GAL,0.4000001,3.0,0.13333337
BAJAJHIND,0.7499995,3.0,0.24999984
TALWALKARS,0.4000001,3.0,0.13333337
SBILIFE,74.70001,3.0,24.900003
PRAKASH,11.450005,3.0,3.8166683
IIFLSEC,10.25,3.0,3.4166667
SHREDIGCEM,4.700001,3.0,1.566667
KRITIKA,0.0,1.0,0.0
SEZAL,0.0,3.0,0.0
MANINFRA,3.8999977,3.0,1.2999992
ZICOM,0.14999998,3.0,0.049999993
N100,26.700012,3.0,8.900004
ITDC,25.450012,3.0,8.483337
TVVISION,0.100000024,3.0,0.033333343
BOHRA,0.0,2.0,0.0
VOLTAS,48.25,3.0,16.083334
ORIENTCEM,11.599998,3.0,3.866666
UNITECH,0.0,3.0,0.0
KAJARIACER,33.950012,3.0,11.31667
SAFARI,41.75,3.0,13.916667
ARROWGREEN,5.75,3.0,1.9166666
SADBHAV,14.849998,3.0,4.9499993
AGARIND,13.800003,3.0,4.600001
DIAPOWER,0.24999988,3.0,0.08333329
JPASSOCIAT,0.24999988,3.0,0.08333329
THANGAMAYL,70.350006,3.0,23.450003
HDFCMFGETF,84.80005,3.0,28.266684
PFOCUS,14.75,3.0,4.9166665
ASTRAMICRO,20.400002,3.0,6.8000007
CGPOWER,1.7999992,3.0,0.5999997
RALLIS,37.200012,3.0,12.400004
SGBJ28VIII,427.1001,3.0,142.3667
INDRAMEDCO,8.650005,3.0,2.883335
KSERASERA,0.15,3.0,0.05
TARAPUR,0.049999952,1.0,0.049999952
AUROPHARMA,61.599976,3.0,20.533325
HINDSYNTEX,0.0,3.0,0.0
RNAVAL,0.0,3.0,0.0
SECURCRED,2.8999996,3.0,0.9666665
GDL,15.800003,3.0,5.266668
LOVABLE,7.199997,3.0,2.399999
LUMAXTECH,14.200005,3.0,4.733335
PRECWIRE,24.899994,3.0,8.299998
SYNCOM,0.100000024,3.0,0.033333343
MUKTAARTS,3.1500015,3.0,1.0500005
KESORAMIND,4.0,3.0,1.3333334
NPBET,4.769989,3.0,1.5899963
GAEL,35.800003,3.0,11.933334
SSINFRA,0.25,3.0,0.083333336
BHARATWIRE,4.25,3.0,1.4166666
AHLEAST,17.699997,3.0,5.899999
RVNL,5.200001,3.0,1.7333336
NARMADA,0.0,2.0,0.0
GOLDENTOBC,3.3000011,3.0,1.1000004
LIQUIDETF,0.060058594,3.0,0.020019531
SAKHTISUG,1.5,3.0,0.5
GOLDIAM,39.299988,3.0,13.099996
TALWGYM,0.45000005,3.0,0.15000002
RAJRAYON,0.15,3.0,0.05
NIITLTD,6.2999954,3.0,2.0999985
NOCIL,22.350006,3.0,7.450002
PEARLPOLY,1.3499994,3.0,0.4499998
BRIGADE,34.299988,3.0,11.43333
WENDT,335.84985,3.0,111.94995
HDIL,0.5,3.0,0.16666667
MOHITIND,0.3499999,3.0,0.11666664
POLYCAB,91.55005,3.0,30.516684
SGBFEB24,176.0,3.0,58.666668
ALPA,5.500002,3.0,1.833334
ICFL,193.25006,17.0,11.367651
REPL,3.9000015,2.0,1.9500008
VESUVIUS,71.900024,3.0,23.966675
VIPULLTD,3.6000004,3.0,1.2000002
SYNGENE,19.549957,3.0,6.5166526
SGBFEB27,22.0,1.0,22.0
CADSYS,0.0,1.0,0.0
HERCULES,12.300003,3.0,4.100001
UTISENSETF,46.789978,3.0,15.59666
LINDEINDIA,105.45001,3.0,35.150005
CALSOFT,2.8000002,3.0,0.9333334
GAIL,12.000008,3.0,4.0000024
VEDL,11.299988,3.0,3.7666626
KECL,3.5500011,3.0,1.1833338
EC2RG,0.1500001,1.0,0.1500001
BOMDYEING,18.550003,3.0,6.1833344
NAGAFERT,1.0,3.0,0.33333334
EUROMULTI,0.20000005,3.0,0.066666685
GODREJCP,102.849976,3.0,34.283325
WALCHANNAG,8.349998,3.0,2.7833328
HEXAWARE,33.05002,3.0,11.016673
GANGESSECU,10.249996,3.0,3.4166653
PANACEABIO,15.5,3.0,5.1666665
KSHITIJPOL,0.0,1.0,0.0
WELSPUNIND,6.25,3.0,2.0833333
MODIRUBBER,1.1999989,2.0,0.5999994
KHADIM,17.100006,3.0,5.700002
JAYAGROGN,16.099998,3.0,5.3666663
TORNTPHARM,113.900024,3.0,37.966675
BLUEDART,417.30005,3.0,139.10002
JPINFRATEC,0.19999993,3.0,0.06666664
CORPBANK,2.7999992,3.0,0.9333331
ELECTHERM,21.300003,3.0,7.100001
VAKRANGEE,8.099998,3.0,2.6999996
SHRENIK,6.3499985,3.0,2.116666
MINDTREE,50.700012,3.0,16.900003
HUDCO,186.35986,22.0,8.470902
ICIL,6.049999,3.0,2.0166664
KAKATCEM,54.100006,3.0,18.033335
ADVANIHOTR,16.0,3.0,5.3333335
WELCORP,19.75,3.0,6.5833335
AJANTPHARM,132.45007,3.0,44.150024
KERNEX,2.9000015,3.0,0.9666672
ATULAUTO,31.600006,3.0,10.533336
RPOWER,0.0,3.0,0.0
TBZ,4.8499947,3.0,1.6166649
HITECHGEAR,27.049988,3.0,9.016663
BANKBEES,9.800018,3.0,3.2666728
NECCLTD,1.1500001,3.0,0.38333336
RAIN,13.050003,3.0,4.350001
DONEAR,3.6000004,3.0,1.2000002
JUSTDIAL,67.70007,3.0,22.56669
WELINV,10.550003,3.0,3.5166676
JETAIRWAYS,3.1499977,3.0,1.0499992
IGPL,31.599976,3.0,10.533325
TCI,34.30002,3.0,11.433339
ADORWELD,27.099976,3.0,9.033325
GNFC,20.949997,3.0,6.983332
TCS,149.69995,3.0,49.899982
CHOLAFIN,25.299988,3.0,8.43333
HDFCBANK,59.05005,3.0,19.68335
RUCHIRA,9.099998,3.0,3.0333328
BANKBARODA,4.0999985,3.0,1.3666662
TRIGYN,10.099995,3.0,3.366665
KRBL,50.950012,3.0,16.983337
KARMAENG,2.3499994,3.0,0.7833331
MANGCHEFER,2.8999977,3.0,0.9666659
BIRLACABLE,6.0999985,3.0,2.0333328
KSB,86.29999,3.0,28.766663
GEPIL,64.54999,3.0,21.516663
REMSONSIND,15.349998,2.0,7.674999
BOSCHLTD,1276.5,3.0,425.5
ROLLT,0.14999986,3.0,0.049999952
CANDC,0.4000001,3.0,0.13333337
KSK,0.25000006,3.0,0.08333335
KSL,42.84999,3.0,14.28333
MGEL,0.0,3.0,0.0
CCL,44.349976,3.0,14.783325
ESSARSHPNG,1.4000001,3.0,0.4666667
BAJAJCON,18.25,3.0,6.0833335
ZENITHEXPO,9.550003,3.0,3.1833344
APOLLOHOSP,96.19995,3.0,32.06665
JUNIORBEES,15.030029,3.0,5.01001
EDELWEISS,13.650002,3.0,4.5500007
PIONDIST,18.999992,3.0,6.3333306
IRCTC,203.29993,3.0,67.76664
ANDHRSUGAR,39.600006,3.0,13.200002
HERITGFOOD,63.5,3.0,21.166666
CENTUM,52.799988,3.0,17.599997
TANLA,11.500008,3.0,3.8333359
TV18BRDCST,2.3000011,3.0,0.76666707
ICICINF100,3.3600006,3.0,1.1200002
ADANIGREEN,28.799988,3.0,9.599996
ASPINWALL,28.34999,3.0,9.449997
PFIZER,390.0498,3.0,130.0166
MBAPL,3.550003,2.0,1.7750015
ARENTERP,0.45000076,2.0,0.22500038
RSSOFTWARE,4.550001,3.0,1.516667
SWELECTES,26.59999,3.0,8.866664
TFL,0.6500001,3.0,0.2166667
HITECH,23.0,3.0,7.6666665
EQ30,18.899994,3.0,6.299998
ALLSEC,32.799988,3.0,10.93333
OMAXE,14.849991,3.0,4.949997
AURIONPRO,5.3499985,3.0,1.7833328
BAJAJ-AUTO,272.84985,3.0,90.94995
CREATIVEYE,0.0,2.0,0.0
PREMIERPOL,4.200001,3.0,1.4000002
MANINDS,9.75,3.0,3.25
SUNDRMFAST,41.0,3.0,13.666667
TTML,0.35000038,3.0,0.116666794
DOLLAR,23.84999,3.0,7.949997
GNA,25.40001,3.0,8.46667
DEVIT,4.950012,3.0,1.650004
GLOBOFFS,0.8999996,3.0,0.29999986
ARIHANT,3.0,3.0,1.0
BANKINDIA,5.9999924,3.0,1.9999975
SUNDARMHLD,10.349991,3.0,3.449997
DHUNINV,47.199997,3.0,15.733333
AHLUCONT,40.100006,3.0,13.366669
VIPIND,41.549988,3.0,13.849996
PENIND,1.6999989,3.0,0.5666663
ASCOM,0.40000153,2.0,0.20000076
GOKULAGRO,3.0999994,3.0,1.0333332
SREEL,14.999985,3.0,4.9999948
GOKEX,8.850006,3.0,2.950002
FILATEX,4.0,3.0,1.3333334
GRSE,19.300003,3.0,6.4333344
QUESS,101.900024,3.0,33.966675
SHANKARA,39.549988,3.0,13.18333
HINDNATGLS,1.6500015,3.0,0.5500005
MAGADSUGAR,22.150002,3.0,7.3833337
LAOPALA,24.550003,3.0,8.183334
ORIENTABRA,2.3999977,3.0,0.79999924
AJOONI,0.099999905,1.0,0.099999905
AVADHSUGAR,36.849976,3.0,12.283325
AMDIND,6.199999,3.0,2.0666664
PSPPROJECT,43.94998,3.0,14.649994
LEMONTREE,4.549999,3.0,1.5166664
KIRLOSENG,17.950012,3.0,5.9833374
AEGISCHEM,14.349991,3.0,4.7833304
BGRENERGY,6.6000023,3.0,2.2000008
VSTTILLERS,136.54993,3.0,45.516644
BSELINFRA,0.10000014,2.0,0.05000007
TIL,32.750015,3.0,10.916672
MOLDTKPAC,20.650024,3.0,6.8833413
ASAHISONG,35.649994,3.0,11.883331
MANAKSTEEL,2.3500004,3.0,0.7833335
AUTOLITIND,6.3999996,3.0,2.1333332
MOTHERSUMI,17.100006,3.0,5.700002
EMBASSY,17.710022,3.0,5.903341
NLCINDIA,4.9000015,3.0,1.6333338
UTINIFTETF,121.18005,3.0,40.393353
GANECOS,30.049988,3.0,10.016663
CREATIVE,16.600006,3.0,5.533335
NITINFIRE,0.20000002,3.0,0.06666667
MANAKCOAT,0.65000033,3.0,0.21666677
ARCHIES,1.6000023,3.0,0.5333341
BAJAJHLDNG,444.30005,3.0,148.10002
ADANIPORTS,34.149994,3.0,11.383331
SETCO,1.8500004,3.0,0.6166668
SGBNOV25VI,0.0,1.0,0.0
MAWANASUG,5.950001,3.0,1.9833336
BSLNIFTY,1.6600037,2.0,0.83000183
DHANUKA,138.90005,3.0,46.30002
WELENT,10.049995,3.0,3.3499985
LUMAXIND,202.40002,3.0,67.466675
AKSHOPTFBR,1.3500004,3.0,0.45000014
ARCOTECH,0.4000001,3.0,0.13333337
APCOTEXIND,20.399994,3.0,6.799998
THEMISMED,39.200012,3.0,13.06667
JPPOWER,0.20000005,3.0,0.066666685
SIYSIL,19.450012,3.0,6.4833374
AARTIDRUGS,70.45001,3.0,23.483337
BANSWRAS,22.999992,3.0,7.666664
SESHAPAPER,17.149994,3.0,5.716665
BCONCEPTS,0.0,1.0,0.0
NHBTF2014,150.0,3.0,50.0
CUBEXTUB,3.8499994,3.0,1.2833332
MAHINDCIE,18.899994,3.0,6.299998
UNIINFO,5.3500023,3.0,1.7833341
IBMFNIFTY,13.900002,3.0,4.6333337
GULPOLY,11.849998,3.0,3.9499996
AXISNIFTY,44.670044,3.0,14.890015
DUCON,1.0,3.0,0.33333334
SANGINITA,4.5,3.0,1.5
TATAINVEST,108.05005,3.0,36.01668
SOLARA,49.5,3.0,16.5
GSS,8.449997,3.0,2.8166656
ICICINIFTY,13.579994,3.0,4.5266647
ICRA,227.2998,3.0,75.7666
NHBTF2023,38.0,1.0,38.0
GATI,4.1500015,3.0,1.3833338
JBMA,25.149994,3.0,8.383331
M17RD,0.099999905,2.0,0.049999952
CHEMFAB,31.25,3.0,10.416667
UTIFEFRGR4,0.09000015,3.0,0.030000051
INGERRAND,45.799988,3.0,15.266663
PEL,278.25,3.0,92.75
KIRLFER,7.899994,3.0,2.6333313
LAXMIMACH,275.94995,3.0,91.983315
M17RG,0.5499997,1.0,0.5499997
GTL,0.30000007,3.0,0.100000024
JAIHINDPRO,0.0,1.0,0.0
PFC,34.920067,12.0,2.9100056
TATAMOTORS,31.050003,3.0,10.350001
GODFRYPHLP,314.25,3.0,104.75
SUNTV,46.30002,3.0,15.433339
VARDHACRLC,2.3500023,3.0,0.7833341
GKWLIMITED,51.350037,3.0,17.116678
PFS,2.8500004,3.0,0.9500001
SHREEPUSHK,20.699997,3.0,6.899999
AYMSYNTEX,6.6000023,3.0,2.2000008
SYNDIBANK,3.3999996,3.0,1.1333332
VINYLINDIA,8.650002,3.0,2.883334
ANSALHSG,0.9000001,3.0,0.30000004
ABSLNN50ET,6.77005,2.0,3.385025
BPCL,46.150024,3.0,15.383342
CONFIPET,5.250002,3.0,1.7500006
IIFLWAM,133.90002,3.0,44.633343
SICAL,1.0499992,3.0,0.34999976
UCALFUEL,16.65001,3.0,5.550003
NBCC,5.0999947,3.0,1.6999983
TVSELECT,14.0,3.0,4.6666665
MUNJALSHOW,13.450005,3.0,4.483335
HCL-INSYS,0.8499999,3.0,0.2833333
ICICIBANKN,12.099976,3.0,4.033325
ASTEC,65.25,3.0,21.75
INFRATEL,26.949997,3.0,8.983333
FINEORG,334.0,3.0,111.333336
ICICIBANKP,5.8700104,3.0,1.9566702
METROPOLIS,138.34998,3.0,46.116657
ZEEL,19.849983,6.0,3.3083305
ALCHEM,0.29999995,3.0,0.09999999
VETO,7.949997,3.0,2.649999
CORALFINAC,1.1999998,3.0,0.39999995
PARACABLES,2.0500002,3.0,0.6833334
GREENLAM,129.39996,3.0,43.13332
SELAN,14.849991,3.0,4.949997
JAMNAAUTO,4.75,3.0,1.5833334
RAMCOIND,25.100006,3.0,8.366669
MPSLTD,132.29999,3.0,44.099995
SGBOCT25,50.33008,2.0,25.16504
GALAXYSURF,181.79993,3.0,60.599976
SGBOCT26,1.0,3.0,0.33333334
SGBOCT27,301.99,3.0,100.66333
CIGNITITEC,22.299988,3.0,7.433329
KOPRAN,4.6500015,3.0,1.5500005
APOLSINHOT,47.849976,3.0,15.949992
DECCANCE,41.899994,3.0,13.966664
KIRLOSIND,156.80005,3.0,52.26668
AGCNET,37.399994,3.0,12.466664
RAMASTEEL,12.149998,3.0,4.049999
JUMPNET,7.75,3.0,2.5833333
TATAMETALI,50.150024,3.0,16.716675
ORIENTBELL,16.649994,3.0,5.549998
POLYMED,96.19998,3.0,32.06666
TECHIN,0.0,1.0,0.0
GODREJPROP,122.3999,3.0,40.79997
SALASAR,11.449997,3.0,3.8166656
HBLPOWER,1.8499985,3.0,0.61666614
RAJVIR,0.0,2.0,0.0
MTNL,1.0,3.0,0.33333334
JMCPROJECT,6.7499924,3.0,2.2499974
MARKSANS,3.1499977,3.0,1.0499992
EVERESTIND,47.299988,3.0,15.766663
CEREBRAINT,0.0,3.0,0.0
TRF,18.550003,3.0,6.1833344
GRASIM,67.0,3.0,22.333334
NSIL,93.60004,3.0,31.200012
JKCEMENT,92.05005,3.0,30.68335
ADANIPOWER,5.9000015,3.0,1.9666672
TRIDENT,1.1500001,3.0,0.38333336
METKORE,0.15000002,3.0,0.05000001
CANTABIL,36.05002,3.0,12.016673
GRAVITA,13.450001,3.0,4.4833336
OISL,0.45000005,3.0,0.15000002
SPENTEX,0.19999999,3.0,0.06666666
JINDCOT,0.14999998,3.0,0.049999993
TOUCHWOOD,8.5,3.0,2.8333333
ALKEM,253.3501,3.0,84.450035
MAYURUNIQ,32.649994,3.0,10.883331
RPPINFRA,5.75,3.0,1.9166666
TASTYBITE,1059.9004,3.0,353.30014
ADSL,4.250004,3.0,1.4166679
DBREALTY,2.1499996,3.0,0.7166665
BAJAJELEC,29.950012,3.0,9.983337
DAMODARIND,4.550001,3.0,1.516667
JIYAECO,5.199999,3.0,1.733333
AROGRANITE,6.500004,3.0,2.166668
NAHARCAP,10.449997,3.0,3.4833324
CAMLINFINE,11.999992,3.0,3.9999974
SUMICHEM,34.600006,3.0,11.533336
MAHESHWARI,69.54999,3.0,23.183329
SOMICONVEY,4.1000004,3.0,1.3666668
COSMOFILMS,21.0,3.0,7.0
HITECHCORP,15.550003,3.0,5.1833344
APOLLOTYRE,14.5,3.0,4.8333335
COLPAL,215.6001,3.0,71.8667
PNCINFRA,21.449997,3.0,7.149999
EIHOTEL,11.350006,3.0,3.7833354
SADBHIN,5.9000015,3.0,1.9666672
TTL,12.099998,3.0,4.033333
AXISBANK,33.100037,3.0,11.033345
MAXINDIA,8.650002,3.0,2.883334
STAMPEDE,0.24999997,3.0,0.08333332
MIRCELECTR,2.250001,3.0,0.7500003
PANACHE,9.099998,3.0,3.0333328
SOUTHBANK,0.79999924,3.0,0.2666664
ADLABS,0.75000024,3.0,0.2500001
SMPL,0.25,3.0,0.083333336
CTE,4.0,3.0,1.3333334
M&M,43.950012,3.0,14.650004
KOTARISUG,3.1000004,3.0,1.0333334
SUBROS,34.199997,3.0,11.399999
SETFNN50,12.26001,3.0,4.08667
JISLJALEQS,1.4000001,3.0,0.4666667
SHAHALLOYS,1.6499996,3.0,0.5499999
DELTACORP,25.84999,3.0,8.616664
GRINDWELL,51.75006,3.0,17.250021
HGINFRA,36.250015,3.0,12.083339
TTKHLTCARE,111.75,3.0,37.25
PNC,2.4500008,3.0,0.8166669
PNB,3.7000008,3.0,1.2333336
JKIL,12.699982,3.0,4.2333274
LAKSHVILAS,1.499999,3.0,0.49999967
NELCAST,7.300003,3.0,2.4333344
RPGLIFE,45.399994,3.0,15.133331
AXISCADES,14.549999,3.0,4.85
VAIBHAVGBL,183.20001,3.0,61.06667
CUB,17.90001,3.0,5.9666696
VASA,0.05000019,2.0,0.025000095
ALPSINDUS,0.24999988,3.0,0.08333329
ASTRAZEN,259.8999,3.0,86.6333
TATACAPHSG,6.3099976,11.0,0.5736361
DHARSUGAR,1.3999996,3.0,0.46666655
REDINGTON,15.200005,3.0,5.066668
PROSEED,0.100000024,3.0,0.033333343
URAVI,1.4500046,3.0,0.48333487
SUPREMEIND,112.0,3.0,37.333332
TATAPOWER,7.1499977,3.0,2.3833325
TWL,11.600002,3.0,3.8666675
IIFCL,24.400024,3.0,8.133342
SUPREMEINF,2.2000008,3.0,0.7333336
ICICIPRULI,46.149933,3.0,15.383311
JINDALPOLY,37.75,3.0,12.583333
RSYSTEMS,6.9999924,3.0,2.3333309
NAHARSPING,2.2499962,3.0,0.74999875
GOKUL,1.6999998,3.0,0.5666666
AMBIKCO,46.75006,3.0,15.583354
GAYAPROJ,3.7999992,3.0,1.2666664
TEJASNET,11.299995,3.0,3.7666652
JAKHARIA,0.0,3.0,0.0
SHIRPUR-G,1.6999989,3.0,0.5666663
SPLIL,5.4500046,3.0,1.8166682
BALKRISHNA,3.6999989,3.0,1.233333
RELIABLE,0.0,1.0,0.0
GREENPOWER,0.25,3.0,0.083333336
PPL,13.400002,3.0,4.466667
SAMBHAAV,0.45000005,3.0,0.15000002
VLSFINANCE,6.550003,3.0,2.1833344
20MICRONS,4.3499985,3.0,1.4499995
KAPSTON,21.0,1.0,21.0
REPCOHOME,33.099976,3.0,11.033325
ROHLTD,11.0,3.0,3.6666667
HMVL,12.000008,3.0,4.0000024
MAGMA,9.649998,3.0,3.216666
AHLADA,4.299999,2.0,2.1499996
FOURTHDIM,0.0,3.0,0.0
ARVINDFASN,29.450012,3.0,9.81667
MINDAIND,43.399994,3.0,14.466664
NBIFIN,206.90002,3.0,68.966675
BLUESTARCO,105.30005,3.0,35.100018
SUBEX,0.70000076,3.0,0.23333359
MAHLOG,34.299988,3.0,11.43333
VIMTALABS,23.700005,3.0,7.9000015
EASUNREYRL,0.4499998,3.0,0.14999993
HAL,114.80005,3.0,38.26668
IBVENTURES,28.0,6.0,4.6666665
MENONBE,4.4500046,3.0,1.4833349
PULZ,0.099998474,1.0,0.099998474
VENKEYS,150.69995,3.0,50.23332
SICAGEN,3.500002,3.0,1.1666673
TATASTLBSL,2.499998,3.0,0.8333327
GANGOTRI,0.099999905,3.0,0.0333333
ELGIRUBCO,3.2999973,3.0,1.0999991
IDBI,2.699997,3.0,0.89999896
STRTECH,13.050011,3.0,4.3500037
APLAPOLLO,186.70007,3.0,62.233356
MATRIMONY,33.899994,3.0,11.299998
DHANBANK,1.3000002,3.0,0.4333334
GEECEE,13.900002,3.0,4.6333337
GSFC,9.75,3.0,3.25
TIRUPATIFL,0.0,3.0,0.0
DICIND,44.850006,3.0,14.950002
EROSMEDIA,1.4499998,3.0,0.48333326
SANDHAR,28.700012,3.0,9.56667
TGBHOTELS,0.6999998,3.0,0.23333327
SILINV,21.299988,3.0,7.099996
TEXMOPIPES,3.749999,3.0,1.2499996
WIPRO,15.699997,3.0,5.233332
KIOCL,16.550003,3.0,5.516668
QUICKHEAL,11.349998,3.0,3.7833328
GET&D,31.149994,3.0,10.383331
PSB,2.0500011,3.0,0.6833337
ENGINERSIN,11.000008,3.0,3.6666691
ICICIGI,83.150024,3.0,27.716675
PSL,0.100000024,3.0,0.033333343
HCC,1.2999992,3.0,0.43333307
ADROITINFO,1.4000006,3.0,0.46666685
VIVIMEDLAB,1.7999992,3.0,0.5999997
HCG,17.099998,3.0,5.6999993
COMPUSOFT,0.70000076,3.0,0.23333359
SMVD,0.0,1.0,0.0
ZEELEARN,3.6499996,3.0,1.2166666
TIJARIA,1.5499997,3.0,0.5166666
INNOVANA,10.75,3.0,3.5833333
WOCKPHARMA,47.44998,3.0,15.816661
KINGFA,79.70001,3.0,26.566671
MADRASFERT,3.6500015,3.0,1.2166672
CMMIPL,0.0,3.0,0.0
APARINDS,30.150024,3.0,10.050008
CANFINHOME,44.5,3.0,14.833333
NITINSPIN,9.900005,3.0,3.3000019
PTC,4.7000046,3.0,1.5666682
MORARJEE,4.2000017,3.0,1.4000006
PTL,2.1000023,3.0,0.70000076
MAANALU,10.699997,3.0,3.5666656
DCMNVL,7.250004,3.0,2.416668
ANKITMETAL,0.25,3.0,0.083333336
J&KBANK,1.7999992,3.0,0.5999997
IDEA,1.4999995,3.0,0.49999985
PDPL,0.14999986,3.0,0.049999952
PETRONENGG,1.4500008,3.0,0.4833336
MARINE,5.0499954,3.0,1.6833318
ONGC,13.500008,3.0,4.5000024
DBCORP,8.949997,3.0,2.9833324
RAMANEWS,3.1999989,3.0,1.0666662
IMPEXFERRO,0.15000004,3.0,0.050000012
HEG,90.90015,3.0,30.300049
TATAGLOBAL,23.349976,3.0,7.783325
ANANTRAJ,4.1500015,3.0,1.3833338
GTNIND,1.5499997,2.0,0.77499986
MAHABANK,1.0999994,3.0,0.36666647
GILLANDERS,6.699999,3.0,2.2333329
IOLCP,24.699982,3.0,8.233327
MOTILALOFS,82.349976,3.0,27.449991
KAYA,93.0,3.0,31.0
SVLL,0.0,3.0,0.0
MANAPPURAM,21.800003,3.0,7.266668
PVR,130.45007,3.0,43.483356
UNIVCABLES,24.299988,3.0,8.099996
KAVVERITEL,0.05000007,2.0,0.025000036
TRIVENI,7.25,3.0,2.4166667
AMARAJABAT,64.25,3.0,21.416666
MUTHOOTCAP,68.00006,3.0,22.666687
LUPIN,48.25006,3.0,16.083353
LIQUIDBEES,1.9500122,3.0,0.6500041
RAJTV,13.399998,3.0,4.4666657
ABCAPITAL,12.049995,3.0,4.016665
SUPREMEENG,7.450001,3.0,2.4833336
TVSSRICHAK,145.54993,3.0,48.516644
INDOSTAR,48.200012,3.0,16.066671
MANAKALUCO,1.4000003,3.0,0.4666668
JINDALSTEL,25.649979,3.0,8.549993
63MOONS,12.549995,3.0,4.183332
MIDHANI,19.249985,3.0,6.4166617
AUTOAXLES,104.75,3.0,34.916668
WEIZMANIND,6.9000015,3.0,2.3000004
INDIANCARD,19.75,3.0,6.5833335
SHARIABEES,4.9200134,3.0,1.6400045
KIRLOSBROS,21.649994,3.0,7.216665
TINPLATE,13.900009,3.0,4.6333365
EMCO,0.14999992,3.0,0.04999997
MANGALAM,6.75,3.0,2.25
SANGHIIND,3.7000046,3.0,1.2333349
HGS,51.100037,3.0,17.033346
IDFC,5.1500015,3.0,1.7166672
JIKIND,0.25,3.0,0.083333336
ELECTCAST,2.0,3.0,0.6666667
KOHINOOR,1.4500008,3.0,0.4833336
VARROC,69.00003,3.0,23.00001
5PAISA,37.65001,3.0,12.550003
MUKANDENGG,1.8499994,3.0,0.6166665
XCHANGING,9.25,3.0,3.0833333
ATLANTA,0.9500003,3.0,0.31666675
ICICIMCAP,3.520012,3.0,1.1733373
NAUKRI,274.80005,3.0,91.60001
GOCLCORP,45.25003,3.0,15.0833435
ANDHRACEMT,0.3499999,3.0,0.11666664
THEINVEST,22.249992,3.0,7.416664
UBL,90.349976,3.0,30.11666
ESTER,5.749996,3.0,1.9166654
SUPRAJIT,16.449997,3.0,5.483332
INDIANHUME,49.65001,3.0,16.550003
MARICO,54.05002,3.0,18.016672
HIL,163.30005,3.0,54.43335
PRECAM,3.9000015,3.0,1.3000005
SGBDC27VII,139.0,3.0,46.333332
MOLDTECH,5.4500046,3.0,1.8166682
SELMCL,0.20000005,3.0,0.066666685
ACCURACY,0.049999237,2.0,0.024999619
BHEL,5.5,3.0,1.8333334
SGBOCT25IV,54.98999,3.0,18.329996
SHREERAMA,0.9999995,3.0,0.33333316
VRLLOG,28.300018,3.0,9.433339
BHARTIARTL,38.349976,3.0,12.783325
VIMALOIL,0.45000005,2.0,0.22500002
CADILAHC,21.950012,3.0,7.316671
EIFFL,1.1500015,3.0,0.38333383
IFGLEXPOR,20.850006,3.0,6.950002
PIONEEREMB,4.8499985,3.0,1.6166662
MAJESCO,44.0,3.0,14.666667
ASTERDM,16.699997,3.0,5.5666656
DBL,29.899963,3.0,9.966655
EIDPARRY,22.399994,3.0,7.466665
TAJGVK,31.350006,3.0,10.450002
JUBILANT,78.400024,3.0,26.13334
GANDHITUBE,21.799988,3.0,7.2666626
KPITTECH,15.300003,3.0,5.100001
M50,4.220001,3.0,1.4066671
DCI,0.25,2.0,0.125
HCLTECH,38.799988,3.0,12.93333
DCM,5.6499996,3.0,1.8833332
PIIND,176.6499,3.0,58.8833
ALMONDZ,2.8500013,3.0,0.95000046
3MINDIA,3183.5488,3.0,1061.183
MANUGRAPH,3.1000004,3.0,1.0333334
VADILALIND,53.950012,3.0,17.983337
MIRZAINT,5.300003,3.0,1.7666677
SUBCAPCITY,0.3499999,3.0,0.11666664
OPTIEMUS,6.3500004,3.0,2.1166668
KOTAKGOLD,12.849976,3.0,4.283325
DCW,1.75,3.0,0.5833333
BAGFILMS,0.30000007,3.0,0.100000024
LTI,83.54993,3.0,27.849976
ANTGRAPHIC,0.14999986,3.0,0.049999952
MALUPAPER,6.0,3.0,2.0
NCLIND,12.25,3.0,4.0833335
KREBSBIO,13.099998,3.0,4.3666663
GSPL,30.949997,3.0,10.316666
SURYALAXMI,6.1000023,3.0,2.033334
VSCL,0.0,1.0,0.0
RANASUG,1.1500001,3.0,0.38333336
WEIZFOREX,67.69998,3.0,22.56666
CGCL,27.999985,3.0,9.333328
SAIL,3.9000015,3.0,1.3000005
INNOVATIVE,0.0,2.0,0.0
ASIANHOTNR,14.849998,3.0,4.9499993
TALBROAUTO,21.84999,3.0,7.2833304
ADANIENT,19.300018,3.0,6.4333396
PALASHSECU,1.9500008,2.0,0.9750004
UFO,11.849998,3.0,3.9499996
TOTAL,3.2000008,2.0,1.6000004
DEN,6.8500023,3.0,2.283334
BYKE,3.9499989,3.0,1.3166662
HMT,2.1000004,3.0,0.7000001
APOLLOPIPE,52.450012,3.0,17.483337
KSCL,36.399994,3.0,12.133331
AUTOIND,4.050001,3.0,1.3500004
COCHINSHIP,49.49997,3.0,16.49999
YESBANK,5.1499977,3.0,1.7166659
MHHL,0.0,1.0,0.0
KENNAMET,105.1001,3.0,35.033367
INDIAMART,178.34985,3.0,59.44995
INOXWIND,7.0999985,3.0,2.366666
SGBJUL25,98.98999,3.0,32.996662
SANGHVIMOV,14.550003,3.0,4.850001
BANARBEADS,8.950001,3.0,2.9833336
SRIPIPES,35.300003,3.0,11.766667
GUFICBIO,10.099995,3.0,3.366665
NETFNV20,2.5299988,3.0,0.84333295
DNAMEDIA,0.24999997,3.0,0.08333332
INDUSINDBK,87.6499,3.0,29.216635
ABBOTINDIA,458.9502,3.0,152.9834
PODDARMENT,29.850006,3.0,9.950002
SEQUENT,18.049995,3.0,6.016665
HEOF1100RG,0.0,1.0,0.0
INFOBEAN,19.549995,3.0,6.516665
IDFNIFTYET,16.849998,3.0,5.6166663
SAKAR,14.900009,3.0,4.9666696
SHALBY,30.699997,3.0,10.233333
INDOCO,34.5,3.0,11.5
EMAMIREAL,4.100006,3.0,1.3666687
ANIKINDS,2.3000002,3.0,0.7666667
SHREYAS,16.750008,3.0,5.583336
GRAPHITE,20.949982,3.0,6.9833274
FLFL,26.0,3.0,8.666667
ALPHAGEO,42.550003,3.0,14.183334
KANSAINER,41.50003,3.0,13.8333435
SUMIT,2.749998,3.0,0.91666603
UNICHEMLAB,17.699997,3.0,5.899999
LOTUSEYE,7.4000015,3.0,2.4666672
NUCLEUS,36.200012,3.0,12.06667
PAGEIND,2191.0,3.0,730.3333
JINDALPHOT,3.499999,3.0,1.1666664
SAREGAMA,27.350006,3.0,9.116669
ITDCEM,9.849998,3.0,3.2833328
HPL,5.6000023,3.0,1.8666674
SHRIRAMCIT,117.75,3.0,39.25
NITCO,2.9000015,3.0,0.9666672
SOUTHWEST,4.6000004,3.0,1.5333334
KOTHARIPET,3.5999985,3.0,1.1999995
GLOBALVECT,12.750004,3.0,4.2500014
SGBMAY26,0.0,2.0,0.0
CIPLA,33.549988,3.0,11.18333
HDFCNIFETF,32.26013,3.0,10.753377
SGBMAY25,61.01001,3.0,20.33667
ELGIEQUIP,23.649979,3.0,7.883326
WEBELSOLAR,4.550001,3.0,1.516667
ASHOKA,8.850006,3.0,2.950002
GEOJITFSL,2.3000011,3.0,0.76666707
VSTIND,290.3501,3.0,96.78336
AUSOMENT,8.700001,3.0,2.9000003
MADHAV,10.85,3.0,3.6166668
SANWARIA,0.30000007,3.0,0.100000024
GENUSPAPER,1.7499995,3.0,0.5833332
SGBJAN26,0.0,2.0,0.0
SGBJAN27,35.0,1.0,35.0
WIPL,3.0999985,2.0,1.5499992
BSLGOLDETF,292.69995,3.0,97.56665
INSECTICID,82.44995,3.0,27.483316
TNPETRO,5.6500053,3.0,1.8833351
SPANDANA,205.04999,3.0,68.35
SHYAMTEL,0.0,1.0,0.0
TIDEWATER,312.1504,3.0,104.05013
SGBOCT27VI,373.0,3.0,124.333336
VOLTAMP,114.94995,3.0,38.31665
DYNPRO,24.549988,3.0,8.18333
GARFIBRES,243.74988,3.0,81.24996
INOXLEISUR,26.400024,3.0,8.800008
TARMAT,5.1000004,3.0,1.7000002
NKIND,1.7999992,3.0,0.5999997
NRAIL,42.699997,3.0,14.233333
AVROIND,0.0,1.0,0.0
MARUTI,377.7002,3.0,125.90006
BALRAMCHIN,21.149994,3.0,7.049998
INTENTECH,7.449999,3.0,2.4833329
AISL,0.049999237,1.0,0.049999237
STARPAPER,16.44999,3.0,5.48333
DFMFOODS,66.350006,3.0,22.116669
BSOFT,19.450005,3.0,6.483335
RKDL,0.7999997,3.0,0.26666656
PUNJABCHEM,107.05002,3.0,35.68334
GVKPIL,0.7999997,3.0,0.26666656
JUBLINDS,15.25,3.0,5.0833335
RKEC,2.0,1.0,2.0
RATNAMANI,73.1001,3.0,24.3667
SBIETFQLTY,8.249992,3.0,2.7499974
BKMINDST,0.15000004,3.0,0.050000012
IBUCCREDIT,200.40002,10.0,20.040003
INDHOTEL,10.400009,3.0,3.4666698
KOKUYOCMLN,12.900002,3.0,4.3000007
SETF10GILT,25.180008,3.0,8.393336
MPHASIS,69.54999,3.0,23.183329
NATNLSTEEL,0.049999952,3.0,0.01666665
PREMEXPLN,12.049988,3.0,4.0166626
DLF,20.449982,3.0,6.8166604
SGBOCT25V,0.0,2.0,0.0
KALPATPOWR,40.350006,3.0,13.450002
SANOFI,235.65039,3.0,78.55013
DLINKINDIA,13.349998,3.0,4.4499993
NELCO,22.15001,3.0,7.3833365
BABAFOOD,0.0,1.0,0.0
ARVIND,4.4000015,3.0,1.4666672
SCHNEIDER,9.75,3.0,3.25
MUTHOOTFIN,61.450073,3.0,20.483358
AGRITECH,5.0,3.0,1.6666666
JALAN,0.0,3.0,0.0
GANESHHOUC,8.900002,3.0,2.9666672
ZEEMEDIA,0.89999914,3.0,0.2999997
SUNCLAYLTD,206.19995,3.0,68.733315
GOODLUCK,7.549999,3.0,2.5166664
SUNDARAM,0.6999999,3.0,0.2333333
HEOF1126RG,0.06000042,1.0,0.06000042
ICICILIQ,0.14996338,3.0,0.049987793
LICHSGFIN,55.25,3.0,18.416666
CPSEETF,1.6300011,3.0,0.5433337
TCFSL,43.119995,17.0,2.5364704
RSWM,18.199997,3.0,6.0666656
EMKAYTOOLS,0.0,1.0,0.0
VISESHINFO,0.15,3.0,0.05
JBFIND,0.6500006,3.0,0.21666686
PDSMFL,32.450012,3.0,10.81667
IMFA,33.100006,3.0,11.033336
SOLARINDS,141.5,3.0,47.166668
TECHNOFAB,5.6499996,3.0,1.8833332
MACPOWER,3.9500008,3.0,1.316667
LAURUSLABS,90.10004,3.0,30.033346
HIKAL,15.350006,3.0,5.1166687
CIMMCO,6.25,3.0,2.0833333
UPL,45.100037,3.0,15.033345
ORIENTREF,33.100006,3.0,11.033336
SEPOWER,0.85000014,3.0,0.2833334
NAGREEKCAP,0.6499996,3.0,0.21666653
PATINTLOG,3.7999992,3.0,1.2666664
NETFNIF100,2.709999,3.0,0.903333
MUKANDLTD,4.7500005,5.0,0.9500001
PAPERPROD,19.399994,3.0,6.466665
CENTEXT,0.5,3.0,0.16666667
GSKCONS,390.4502,3.0,130.15007
KCPSUGIND,2.6500006,3.0,0.8833335
SMARTLINK,13.75,3.0,4.5833335
VISHWARAJ,15.299995,3.0,5.0999985
BFINVEST,25.99997,3.0,8.6666565
CREST,30.200005,3.0,10.0666685
EXCELINDUS,120.10004,3.0,40.033344
AIONJSW,2.1500006,3.0,0.7166669
GREENPANEL,7.9000053,3.0,2.633335
JMFINANCIL,13.599998,3.0,4.533333
THYROCARE,60.049988,3.0,20.016663
RTNPOWER,0.1500001,3.0,0.05000003
RAMKY,5.8500004,3.0,1.9500002
TTKPRESTIG,508.8501,3.0,169.6167
INFRABEES,11.269989,3.0,3.756663
TATAMTRDVR,11.950005,3.0,3.9833348
RUBYMILLS,38.75,3.0,12.916667
MBLINFRA,0.64999986,3.0,0.21666662
DQE,0.0,3.0,0.0
E2E,1.2000008,3.0,0.40000024
MARSHALL,0.0,2.0,0.0
824GS2027,0.0,1.0,0.0
EXCEL,0.30000007,3.0,0.100000024
NAVKARCORP,3.2999992,3.0,1.0999998
SUVEN,0.0,3.0,0.0
MCL,12.050003,3.0,4.016668
EUROTEXIND,0.8000002,3.0,0.26666674
MASTEK,53.400024,3.0,17.800009
MTEDUCARE,5.299999,3.0,1.7666664
ASIANTILES,26.899994,3.0,8.966664
STERTOOLS,23.34999,3.0,7.7833304
TATASTEEL,48.250015,6.0,8.041669
MCX,243.8999,3.0,81.299965
DEEPIND,13.950005,3.0,4.6500015
SINTEX,0.15000004,3.0,0.050000012
BRITANNIA,186.53995,6.0,31.08999
LT,63.200073,3.0,21.06669
LINCOLN,22.75,3.0,7.5833335
PODDARHOUS,29.049988,3.0,9.68333
JAGSNPHARM,4.450001,3.0,1.4833336
COUNCODOS,0.20000017,3.0,0.06666672
MDL,0.0,1.0,0.0
CHALET,32.0,3.0,10.666667
THEJO,10.049988,3.0,3.3499959
ALEMBICLTD,14.799999,3.0,4.933333
SHANTIGEAR,6.8499985,3.0,2.2833328
BALAMINES,106.44998,3.0,35.483326
SARDAEN,36.800003,3.0,12.266667
XPROINDIA,10.6,3.0,3.5333335
ADVENZYMES,14.799988,3.0,4.933329
HLVLTD,0.5,3.0,0.16666667
SABTN,0.29999995,3.0,0.09999999
INDOWIND,0.59999967,3.0,0.19999988
PRAJIND,10.249992,3.0,3.4166641
MOTOGENFIN,7.0,3.0,2.3333333
DISHTV,3.749999,3.0,1.2499996
SIEMENS,122.0,3.0,40.666668
SITINET,0.24999976,3.0,0.083333254
SHYAMCENT,0.5500002,3.0,0.1833334
UJAAS,0.5999994,3.0,0.19999981
CENTRUM,7.199999,3.0,2.3999996
UTTAMSTL,1.0,3.0,0.33333334
FCONSUMER,3.3500004,3.0,1.1166668
MEP,4.550003,3.0,1.5166677
NH,48.150024,3.0,16.050009
STEELCITY,3.8500023,3.0,1.2833341
NAM-INDIA,32.69998,3.0,10.899994
SUDARSCHEM,54.49997,3.0,18.166656
ALANKIT,2.4000006,3.0,0.8000002
TIMKEN,109.04999,3.0,36.349995
IIFL,20.90001,3.0,6.9666696
HFCL,0.7500019,3.0,0.25000063
GMRINFRA,2.3000011,3.0,0.76666707
RENUKA,0.9999995,3.0,0.33333316
NECLIFE,2.1999998,3.0,0.7333333
UNITEDTEA,30.300018,3.0,10.100006
SPMLINFRA,2.0,3.0,0.6666667
SKIPPER,10.25,3.0,3.4166667
MITTAL,1.0,2.0,0.5
ORICONENT,3.0499992,3.0,1.0166664
THERMAX,107.69995,3.0,35.899982
JPOLYINVST,0.6000004,2.0,0.3000002
GLENMARK,47.150024,3.0,15.716675
SHARDACROP,51.59999,3.0,17.199997
MBECL,0.7500005,3.0,0.25000015
CMICABLES,6.200001,3.0,2.0666668
NAHARPOLY,5.25,3.0,1.75
BIRLACORPN,119.849976,3.0,39.949993
GLOBUSSPR,20.950012,3.0,6.9833374
KKCL,186.79999,3.0,62.266663
FEDERALBNK,8.5,3.0,2.8333333
INDSWFTLAB,1.5500011,3.0,0.51666707
VASWANI,0.7000003,3.0,0.23333342
JAGRAN,6.0500107,3.0,2.0166702
MGL,135.3999,3.0,45.1333
DVL,7.050003,3.0,2.350001
UGARSUGAR,1.25,3.0,0.41666666
SKSTEXTILE,1.4000015,2.0,0.70000076
VSSL,25.049995,3.0,8.349998
ASTRAL,138.94995,3.0,46.31665
SARLAPOLY,4.0,3.0,1.3333334
TDPOWERSYS,10.950012,3.0,3.6500041
SREINFRA,206.01001,15.0,13.734
UCOBANK,0.9000006,3.0,0.3000002
A2ZINFRA,1.4499998,3.0,0.48333326
KRIDHANINF,0.54999995,3.0,0.18333332
SREIBNPNCD,299.82,11.0,27.256365
ARSSINFRA,3.0,3.0,1.0
PONNIERODE,32.300003,3.0,10.766667
CINEVISTA,1.3999996,3.0,0.46666655
CONCOR,43.350037,3.0,14.450012
VIKASMCORP,0.4000001,3.0,0.13333337
SGBNOV25IX,100.0,1.0,100.0
NAVNETEDUL,8.400002,3.0,2.8000004
FORCEMOT,206.90002,3.0,68.966675
NTPC,118.240005,19.0,6.2231584
ARSHIYA,2.0499992,3.0,0.6833331
MIC,0.25000006,3.0,0.08333335
NIITTECH,335.04993,3.0,111.68331
ELECON,8.250004,3.0,2.7500012
ONELIFECAP,1.7000003,3.0,0.5666668
NAVINFLUOR,221.75,3.0,73.916664
CROMPTON,46.099976,3.0,15.366658
DREDGECORP,28.75003,3.0,9.5833435
GEEKAYWIRE,0.0,2.0,0.0
RAJESHEXPO,38.650024,3.0,12.883342
BHARATGEAR,12.599995,3.0,4.1999984
RELIANCE,116.099976,3.0,38.699993
NETFMID150,2.5400085,3.0,0.8466695
MMFL,65.95001,3.0,21.983337
BANKA,0.0,1.0,0.0
KANORICHEM,3.9500008,3.0,1.316667
GUJRAFFIA,0.5500002,3.0,0.1833334
AFFLE,273.95007,3.0,91.31669
DSML,0.05000019,2.0,0.025000095
GSCLCEMENT,3.2000008,3.0,1.066667
TRANSWIND,0.0,3.0,0.0
CAPLIPOINT,28.700012,3.0,9.56667
AJMERA,15.100006,3.0,5.033335
GUJGASLTD,30.24997,3.0,10.0833235
PASHUPATI,22.25,2.0,11.125
TEXRAIL,12.950005,3.0,4.316668
RANEENGINE,42.75,3.0,14.25
OFSS,307.8999,3.0,102.6333
SONAHISONA,2.5999994,2.0,1.2999997
IDFCFIRSTB,810.86035,25.0,32.434414
CAPTRUST,29.049988,3.0,9.68333
JAYSREETEA,6.7000046,3.0,2.2333348
MAHLIFE,41.600006,3.0,13.866669
TI,4.299999,3.0,1.433333
JITFINFRA,2.6000004,3.0,0.8666668
OPTOCIRCUI,0.3499999,3.0,0.11666664
PAEL,0.50000024,3.0,0.16666675
TIIL,61.05002,3.0,20.350006
NIFTYBEES,4.179985,3.0,1.3933283
JKLAKSHMI,52.149994,3.0,17.383331
ABFRL,17.899994,3.0,5.966665
LIBERTSHOE,12.199997,3.0,4.0666656
MILTON,0.0,1.0,0.0
SANGAMIND,9.650002,3.0,3.2166672
ECLERX,107.349976,3.0,35.783325
LINCPEN,35.84999,3.0,11.949997
WHIRLPOOL,162.1001,3.0,54.033367
GUJALKALI,45.100006,3.0,15.033336
HSCL,7.1500015,3.0,2.383334
RECLTD,26.639969,12.0,2.2199974
SOLEX,0.0,1.0,0.0
ESABINDIA,221.20007,3.0,73.73336
MOKSH,0.0,1.0,0.0
TREJHARA,3.250001,3.0,1.0833336
LASA,3.3000011,3.0,1.1000004
EMOFSR1RDP,0.32000065,3.0,0.106666885
MSTCLTD,28.100006,3.0,9.366669
IRISDOREME,0.0,1.0,0.0
ORBTEXP,6.0,3.0,2.0
IZMO,3.5,3.0,1.1666666
MMP,22.0,3.0,7.3333335
WINDMACHIN,4.699999,3.0,1.5666662
GFLLIMITED,22.799988,3.0,7.599996
JKTYRE,14.400002,3.0,4.8000007
CNOVAPETRO,0.75,3.0,0.25
ERIS,86.399994,3.0,28.799997
CELEBRITY,0.8999996,3.0,0.29999986
CLNINDIA,38.600037,3.0,12.866679
CYBERTECH,4.449997,3.0,1.4833323
SORILINFRA,23.149994,3.0,7.716665
RMDRIP,0.14999962,2.0,0.07499981
IEX,28.850021,3.0,9.616673
VIDHIING,6.5,3.0,2.1666667
OMMETALS,3.1000004,3.0,1.0333334
KAMDHENU,13.149994,3.0,4.3833313
POKARNA,15.199997,3.0,5.0666656
LGBFORGE,0.5,3.0,0.16666667
SHARDAMOTR,64.69995,3.0,21.56665
CHEMBOND,48.84999,3.0,16.28333
INTELLECT,10.800003,3.0,3.600001
MCDHOLDING,4.0,3.0,1.3333334
LICNETFN50,11.379997,3.0,3.7933323
POWERMECH,92.54999,3.0,30.849997
SYMPHONY,106.49988,3.0,35.499958
GOLDTECH,2.6000004,3.0,0.8666668
INDOTECH,6.649994,3.0,2.2166646
NILKAMAL,114.55005,3.0,38.18335
VISHNU,19.649994,3.0,6.549998
SUNTECK,24.5,3.0,8.166667
ARMANFIN,86.04999,3.0,28.683329
TNTELE,0.0,3.0,0.0
ABSLRIF6RG,0.0,1.0,0.0
IGL,42.44995,3.0,14.149983
EMOFSR1RGG,0.38000107,3.0,0.12666702
INDIAGLYCO,42.600006,3.0,14.200002
PENINLAND,1.0,3.0,0.33333334
RBLBANK,36.69998,3.0,12.233327
EUROCERA,0.15000004,3.0,0.050000012
HDFCLIFE,27.299988,3.0,9.099996
PRINCEPIPE,21.050003,3.0,7.016668
GREENPLY,19.59999,3.0,6.5333304
KOTHARIPRO,12.549995,3.0,4.183332
VICEROY,0.30000007,3.0,0.100000024
TATACHEM,44.150024,3.0,14.716675
COX&KINGS,0.15000004,3.0,0.050000012
HINDUNILVR,100.5,3.0,33.5
CONSOFINVT,10.649998,3.0,3.5499992
DSSL,4.300001,3.0,1.4333338
ZENTEC,8.549999,3.0,2.8499997
TPLPLASTEH,27.349983,3.0,9.116661
WANBURY,1.75,3.0,0.5833333
DCMFINSERV,0.0,1.0,0.0
EHFLNCD,87.109985,5.0,17.421997
JINDRILL,24.049995,3.0,8.016665
ORTINLABSS,1.3000002,3.0,0.4333334
JAINSTUDIO,0.0,1.0,0.0
IL&FSTRANS,0.29999995,3.0,0.09999999
MAXVIL,6.0499954,3.0,2.0166652
732GS2024,0.0,1.0,0.0
INDSWFTLTD,0.8499999,3.0,0.2833333
ABSLBANETF,20.299988,3.0,6.7666626
VBL,158.39996,3.0,52.799988
NOIDATOLL,0.8499999,3.0,0.2833333
EVEREADY,9.599998,3.0,3.1999996
HAVISHA,0.100000024,3.0,0.033333343
TCIEXP,99.69995,3.0,33.23332
VCL,3.0,2.0,1.5
SRHHYPOLTD,19.599998,3.0,6.533333
MRF,2980.7969,3.0,993.59894
SHOPERSTOP,27.74997,3.0,9.2499895
UNITEDBNK,0.75000095,3.0,0.25000033
NHAI,569.0603,24.0,23.710846
PARAGMILK,20.84999,3.0,6.949997
HATSUN,60.200012,3.0,20.066671
PHILIPCARB,17.999985,3.0,5.9999948
GRANULES,14.100006,3.0,4.700002
HSIL,5.8500023,3.0,1.9500008
DGCONTENT,1.1500001,3.0,0.38333336
DAAWAT,4.050001,3.0,1.3500004
ARIES,6.4500046,3.0,2.1500015
EASTSILK,0.3,3.0,0.1
ICICIGOLD,5.489998,3.0,1.8299993
HESTERBIO,93.24988,3.0,31.083292
NXTDIGITAL,48.350037,3.0,16.116678
JSLHISAR,9.649986,3.0,3.2166622
ASHAPURMIN,5.4000053,3.0,1.8000017
SPCENET,0.049999952,1.0,0.049999952
AARTIIND,189.70001,3.0,63.233337
ALOKTEXT,0.39999986,2.0,0.19999993
BALPHARMA,7.6500015,3.0,2.5500004
SJVN,1.8999996,3.0,0.6333332
BERGEPAINT,47.349976,3.0,15.783325
SOMANYCERA,20.449997,3.0,6.8166656
GROBTEA,68.70001,3.0,22.900003
AMBER,311.40002,3.0,103.80001
ENERGYDEV,0.75,3.0,0.25
BANCOINDIA,7.0999985,3.0,2.366666
IBULHSGFIN,149.74997,12.0,12.479164
UMESLTD,0.0,2.0,0.0
CARERATING,45.30005,3.0,15.100017
SHILPAMED,39.5,3.0,13.166667
IRFC,141.66003,24.0,5.9025016
TIINDIA,71.100006,3.0,23.700003
UNIENTER,11.900002,3.0,3.9666672
FLEXITUFF,1.5500002,3.0,0.5166667
UNITY,0.099999964,3.0,0.03333332
GTPL,5.0,3.0,1.6666666
DCMSHRIRAM,43.349976,3.0,14.449992
SUZLON,0.29999995,3.0,0.09999999
BIGBLOC,1.0,3.0,0.33333334
EDL,0.70000005,3.0,0.23333335
RADIOCITY,3.4499989,3.0,1.1499996
PCJEWELLER,1.5999985,3.0,0.5333328
SBIN,902.74945,12.0,75.22912
SCAPDVR,0.14999999,3.0,0.049999997
ANUP,93.89996,3.0,31.299988
VIPCLOTHNG,0.5,3.0,0.16666667
BVCL,1.0500002,2.0,0.5250001
ENIL,29.600006,3.0,9.866669
ORIENTBANK,3.8500023,3.0,1.2833341
IRCON,81.79999,3.0,27.266663
NEOGEN,81.49997,3.0,27.166656
APOLLO,12.700005,3.0,4.233335
TCPLPACK,37.549957,3.0,12.516652
IITL,2.0499992,3.0,0.6833331
PAISALO,65.99997,3.0,21.99999
ZODJRDMKJ,7.550003,3.0,2.5166676
ASAL,3.2000027,3.0,1.0666676
RUCHI,0.0,3.0,0.0
SCHAND,12.599998,3.0,4.1999993
3IINFOTECH,0.3499999,3.0,0.11666664
NEXTMEDIA,2.1,3.0,0.7
CELESTIAL,0.35000038,3.0,0.116666794
DIGJAMLTD,0.25000006,3.0,0.08333335
AKZOINDIA,270.35022,3.0,90.11674
SATIN,23.5,3.0,7.8333335
VHL,106.94995,3.0,35.649982
IOC,11.849998,3.0,3.9499996
IOB,1.0500011,3.0,0.35000038
PALREDTEC,3.2000008,3.0,1.066667
ARVSMART,23.800003,3.0,7.9333344
KOLTEPATIL,29.399979,3.0,9.799993
PHOENIXLTD,93.79999,3.0,31.266663
RCOM,0.20000005,3.0,0.066666685
SMLISUZU,47.549988,3.0,15.849996
EMKAY,12.399998,3.0,4.1333327
ROSSELLIND,6.050003,3.0,2.0166676
GPIL,29.649994,3.0,9.883331
SATIA,26.099998,3.0,8.7
SERVOTECH,0.5,3.0,0.16666667
FINPIPE,44.100037,3.0,14.700012
WABCOINDIA,352.2998,3.0,117.433266
MINDACORP,16.100006,3.0,5.3666687
BALMLAWRIE,11.25,3.0,3.75
CARBORUNIV,30.900024,3.0,10.300008
SIMBHALS,1.0499997,3.0,0.3499999
WONDERLA,20.449997,3.0,6.8166656
NRBBEARING,10.599998,3.0,3.5333328
GLAXO,146.69995,3.0,48.899982
ALKYLAMINE,105.5,3.0,35.166668
HINDMOTORS,0.39999914,3.0,0.13333304
RELAXO,47.900024,3.0,15.966675
TRIL,2.0500002,3.0,0.6833334
NACLIND,3.8500004,3.0,1.2833334
NIPPOBATRY,37.80002,3.0,12.600006
HARRMALAYA,9.10001,3.0,3.0333366
PATELENG,3.9499989,3.0,1.3166662
ABAN,2.8000011,3.0,0.9333337
FELDVR,3.0,3.0,1.0
MASKINVEST,0.0,1.0,0.0
INDNIPPON,55.0,3.0,18.333334
ALICON,69.75,3.0,23.25
MAZDA,34.44998,3.0,11.483327
SUNDARMFIN,102.599976,3.0,34.199993
RBL,61.50006,3.0,20.500021
ICICIM150,15.68,3.0,5.226667
JBCHEPHARM,47.30002,3.0,15.766673
MMTC,2.3999996,3.0,0.7999999
KAMATHOTEL,4.799999,3.0,1.5999998
EXIDEIND,14.100006,3.0,4.700002
TITAN,56.400146,3.0,18.800049
DALMIASUG,19.40001,3.0,6.4666696
RCF,4.7000046,3.0,1.5666682
WABAG,28.350006,3.0,9.450002
CANBK,13.850006,3.0,4.6166687
LFIC,14.350002,3.0,4.7833343
IRB,17.699997,3.0,5.899999
SPECIALITY,9.400002,3.0,3.133334
NILAINFRA,0.8500004,3.0,0.28333345
LYKALABS,3.0499973,3.0,1.0166658
ABB,102.0,3.0,34.0
FIEMIND,50.149994,3.0,16.716665
NATHBIOGEN,49.5,3.0,16.5
AVANTIFEED,69.75006,3.0,23.250021
ZOTA,7.349991,3.0,2.449997
GLFL,0.0,3.0,0.0
TATAELXSI,88.60004,3.0,29.533346
MURUDCERA,3.499998,3.0,1.166666
SUMEETINDS,0.25,3.0,0.083333336
BALAJITELE,8.899998,3.0,2.966666
EMAMIPAP,0.0,3.0,0.0
SAGARDEEP,12.250008,3.0,4.083336
RAYMOND,46.19995,3.0,15.399983
PRICOLLTD,6.800003,3.0,2.2666676
EKC,3.7000008,3.0,1.2333336
EMMBI,14.349998,3.0,4.783333
JYOTHYLAB,15.75,3.0,5.25
MEGH,17.349998,3.0,5.783333
GAMMNINFRA,0.15000004,3.0,0.050000012
VARDMNPOLY,0.14999986,3.0,0.049999952
ACC,111.8501,3.0,37.283367
OBEROIRLTY,68.60004,3.0,22.866678
ACE,6.9000015,3.0,2.3000004
21STCENMGM,0.40000057,3.0,0.13333352
CKFSL,0.15,3.0,0.05
SASTASUNDR,16.400002,3.0,5.466667
SOBHA,29.900024,3.0,9.966675
EIHAHOTELS,36.400024,3.0,12.133342
CUPID,29.699997,3.0,9.899999
LALPATHLAB,168.75,3.0,56.25
ITC,14.849991,3.0,4.949997
ACCORD,1.2000008,1.0,1.2000008
SGBSEP27,51.0,2.0,25.5
NIFTYEES,148.0,2.0,74.0
SGBSEP24,86.88989,3.0,28.963297
ITI,11.5,3.0,3.8333333
CONTI,6.2999954,3.0,2.0999985
TIRUMALCHM,10.599998,3.0,3.5333328
DIAMONDYD,67.10004,3.0,22.366678
EBBETF0423,3.5100098,3.0,1.1700033
GPPL,9.399994,3.0,3.1333313
SAGCEM,62.650024,3.0,20.88334
SEAMECLTD,54.75,3.0,18.25
SOFTTECH,0.05000305,1.0,0.05000305
PILANIINVS,78.400024,3.0,26.13334
CINELINE,4.799999,3.0,1.5999998
SNOWMAN,1.2500038,3.0,0.41666794
INFY,33.600037,3.0,11.200012
ERFLNCDI,370.72998,15.0,24.715332
GOLDBEES,1.4700012,3.0,0.4900004
RPPL,0.0,2.0,0.0
SANCO,3.1000004,3.0,1.0333334
GIPCL,8.5,3.0,2.8333333
VISHAL,11.699997,3.0,3.899999
EBBETF0430,4.710022,3.0,1.5700073
TAKE,8.949997,3.0,2.9833324
INFIBEAM,9.700001,3.0,3.2333336
STEELXIND,4.7000027,3.0,1.5666676
ZENITHBIR,0.050000012,3.0,0.016666671
HINDCOMPOS,34.0,3.0,11.333333
THIRUSUGAR,0.0,3.0,0.0
TFCILTD,10.100006,3.0,3.3666687
RGL,67.70001,3.0,22.566671
IVC,0.40000033,3.0,0.13333344
TECHM,57.100037,3.0,19.033346
PRAKASHSTL,0.0,1.0,0.0
NEWGEN,33.449997,3.0,11.149999
MANGLMCEM,34.299988,3.0,11.43333
SAKSOFT,18.59999,3.0,6.199997
PENTAGOLD,0.0,1.0,0.0
IVP,8.050003,3.0,2.6833344
ALKALI,17.899998,3.0,5.9666657
FORTIS,11.0,3.0,3.6666667
GTLINFRA,0.19999996,3.0,0.066666655
LSIL,0.25000006,3.0,0.08333335
CHENNPETRO,21.350006,3.0,7.1166687
RAMCOCEM,101.79999,3.0,33.93333
ATLASCYCLE,8.25,3.0,2.75
ARTEMISMED,9.950012,3.0,3.3166707
EON,2.3999996,3.0,0.7999999
FMNL,5.3499985,3.0,1.7833328
INDBANK,2.349999,3.0,0.783333
HNGSNGBEES,63.97,3.0,21.323334
AAKASH,0.5,2.0,0.25
MANGTIMBER,1.3499994,3.0,0.4499998
PETRONET,20.600006,3.0,6.8666687
ECLFINANCE,1094.1201,54.0,20.261484
HBSL,0.0,1.0,0.0
ROLTA,0.54999995,3.0,0.18333332
WHEELS,81.00006,3.0,27.000021
DCAL,15.599991,3.0,5.199997
HDFCAMC,122.1499,3.0,40.716633
PRAENG,0.9500003,3.0,0.31666675
CLEDUCATE,9.949997,3.0,3.3166656
PARABDRUGS,0.05000007,3.0,0.01666669
IMPAL,40.100037,3.0,13.366679
UTISXN50,32.600006,3.0,10.866669
UJJIVAN,33.80002,3.0,11.266673
GOENKA,0.15000004,3.0,0.050000012
GRPLTD,276.90002,3.0,92.30001
LIBAS,9.799999,3.0,3.2666664
PNBHOUSING,44.19998,3.0,14.733327
BRFL,0.60000014,3.0,0.20000005
CHOLAHLDNG,50.149963,3.0,16.716654
IBREALEST,17.849998,3.0,5.9499993
NHPC,34.55,5.0,6.91
SMSLIFE,28.850006,3.0,9.616669
ICICINV20,4.959999,3.0,1.6533331
ABINFRA,0.0,1.0,0.0
SSWL,54.30005,3.0,18.100016
OCCL,73.35004,3.0,24.450012
RANEHOLDIN,118.900024,3.0,39.633343
MHRIL,20.65001,3.0,6.8833365
XELPMOC,18.849998,3.0,6.283333
GHCL,15.050003,3.0,5.016668
NCC,6.000004,3.0,2.0000012
OMKARCHEM,0.7000003,3.0,0.23333342
KWALITY,0.5000001,3.0,0.1666667
DATAMATICS,14.750008,3.0,4.9166694
EIMCOELECO,48.849976,3.0,16.283325
BEML,55.44995,3.0,18.483316
GARDENSILK,2.3499994,3.0,0.7833331
CASTROLIND,15.299988,3.0,5.099996
GODREJIND,42.350006,3.0,14.116669
NDGL,21.049988,3.0,7.0166626
VGUARD,25.09999,3.0,8.366664
ICICIBANK,29.649963,3.0,9.883321
EDUCOMP,0.30000007,3.0,0.100000024
KRISHANA,2.7000008,2.0,1.3500004
MANAKSIA,3.4500008,3.0,1.1500002
TIPSINDLTD,27.699997,3.0,9.233333
HISARMETAL,17.0,3.0,5.6666665
MAN50ETF,5.100006,3.0,1.7000021
ACCELYA,128.84998,3.0,42.949993
TRENT,53.100037,3.0,17.700012
JINDALSAW,10.299995,3.0,3.4333317
LICNETFGSC,4.67,3.0,1.5566667
VTL,156.0,3.0,52.0
DEEPAKNTR,38.50003,3.0,12.8333435
MELSTAR,0.0,3.0,0.0
MASFIN,131.0,3.0,43.666668
NDL,5.749998,3.0,1.916666
CENTURYTEX,81.150024,3.0,27.050009
AAVAS,155.84998,3.0,51.949993
QNIFTY,6.0,2.0,3.0
RHFL,76.130005,10.0,7.6130004
POLYPLEX,62.50006,3.0,20.833353
SKIL,0.6499996,3.0,0.21666653
BEPL,7.6000023,3.0,2.533334
UJJIVANSFB,3.9500046,3.0,1.3166682
HIRECT,42.05002,3.0,14.016673
SONATSOFTW,33.849976,3.0,11.283325
ICICILOVOL,12.290001,3.0,4.096667
ZENSARTECH,13.100006,3.0,4.3666687
MAHSEAMLES,28.200012,3.0,9.400004
RML,37.600006,3.0,12.533336
SUPPETRO,17.649994,3.0,5.8833313
HUBTOWN,1.3500004,3.0,0.45000014
M15RG,0.049999714,1.0,0.049999714
LAMBODHARA,4.9000015,3.0,1.6333338
JOCIL,19.699997,3.0,6.5666656
TATACOFFEE,13.550003,3.0,4.516668
GENESYS,8.850002,3.0,2.9500008
VIKASWSP,1.75,3.0,0.5833333
UTINEXT50,21.029968,3.0,7.0099893
KANANIIND,0.90000033,3.0,0.3000001
USHAMART,3.250002,3.0,1.083334
DTIL,16.349976,3.0,5.4499917
NFL,2.5499992,3.0,0.8499997
INDORAMA,1.1499996,3.0,0.3833332
BHAGYAPROP,4.9000015,3.0,1.6333338
FINCABLES,37.600006,3.0,12.533336
GICRE,27.350006,3.0,9.116669
LGBBROSLTD,30.200012,3.0,10.06667
DIGISPICE,1.0499997,3.0,0.3499999
SCHAEFFLER,360.8003,3.0,120.26676
KPRMILL,58.100037,3.0,19.366678
TCIDEVELOP,38.399994,3.0,12.799998
KALYANIFRG,21.149979,3.0,7.049993
VIKASPROP,0.0,3.0,0.0
SETFGOLD,94.90015,3.0,31.633383
CORDSCABLE,16.95,3.0,5.65
NILASPACES,0.100000024,3.0,0.033333343
IIHFL,5.549988,4.0,1.387497
ADANIGAS,16.84999,3.0,5.6166635
SEYAIND,16.049995,3.0,5.3499985
CHAMBLFERT,24.699997,3.0,8.233333
TNPL,17.149994,3.0,5.716665
INEOSSTYRO,81.79999,3.0,27.266663
SHEMAROO,31.15001,3.0,10.383336
ADFFOODS,22.050018,3.0,7.350006
DANGEE,0.0,1.0,0.0
VINATIORGA,266.44995,3.0,88.81665
ASIANPAINT,81.05005,3.0,27.016684
BLBLIMITED,1.0499997,3.0,0.3499999
BATAINDIA,118.150024,3.0,39.383343
PARSVNATH,0.35000014,3.0,0.11666671
SMSPHARMA,6.4500046,3.0,2.1500015
ALBERTDAVD,77.75,3.0,25.916666
KOTAKNV20,4.2199974,3.0,1.4066658
HINDZINC,14.050003,3.0,4.6833344
BALLARPUR,0.19999999,3.0,0.06666666
KOTAKBANK,91.79993,3.0,30.599976
BETA,13.350002,3.0,4.450001
SOTL,62.200012,3.0,20.733337
TOKYOPLAST,9.150002,3.0,3.0500004
DPWIRES,13.800003,3.0,4.600001
INDTERRAIN,15.349998,3.0,5.1166663
SKFINDIA,153.0,3.0,51.0
762GS2039,0.0,1.0,0.0
BEARDSELL,1.999999,3.0,0.6666663
OSIAHYPER,0.0,1.0,0.0
HARITASEAT,80.349976,3.0,26.783325
SPARC,32.149994,3.0,10.716664
ENDURANCE,155.25,3.0,51.75
CYIENT,28.600006,3.0,9.533336
AIAENG,249.49988,3.0,83.166626
BRNL,13.049995,3.0,4.3499985
IL&FSENGG,0.30000007,3.0,0.100000024
APTECHT,48.25,3.0,16.083334
ORIENTALTL,1.4499998,3.0,0.48333326
FRETAIL,29.25,3.0,9.75
MAHAPEXLTD,17.049995,3.0,5.683332
MCLEODRUSS,0.6500006,3.0,0.21666686
GALLISPAT,4.4000034,3.0,1.4666678
HOVS,6.299999,3.0,2.0999997
BANG,5.800003,3.0,1.9333344
KILITCH,13.900002,3.0,4.6333337
NABARD,19.590088,3.0,6.5300293
RELCAPITAL,1.75,3.0,0.5833333
MINDPOOL,0.0,1.0,0.0
HEIDELBERG,15.699997,3.0,5.233332
CAPACITE,12.349991,3.0,4.1166635
RUCHINFRA,0.0,3.0,0.0
SHIVAMILLS,3.5499992,3.0,1.183333
ORIENTLTD,6.4999924,3.0,2.1666641
THOMASCOTT,0.0,1.0,0.0
HONAUT,1185.1504,3.0,395.05014
MRPL,5.8499985,3.0,1.9499995
CRISIL,198.90002,3.0,66.30001
HINDPETRO,26.449982,3.0,8.816661
FACT,5.6499977,3.0,1.8833326
RAMCOSYS,32.499985,3.0,10.833328
DHAMPURSUG,30.350006,3.0,10.116669
CEBBCO,2.3499994,3.0,0.7833331
DYNAMATECH,150.65002,3.0,50.216675
SWARAJENG,202.30005,3.0,67.43335
SGBAUG24,131.69995,3.0,43.899982
DIVISLAB,133.59998,3.0,44.533325
IFBIND,106.20001,3.0,35.400005
QGOLDHALF,32.0,3.0,10.666667
KEYFINSERV,0.10000229,3.0,0.033334095
MAHSCOOTER,373.8003,3.0,124.6001
NMDC,15.500008,3.0,5.1666694
OMAXAUTO,19.349998,3.0,6.4499993
TAINWALCHM,32.149998,3.0,10.716666
AKASH,20.349998,3.0,6.783333
SGBAUG27,45.5,3.0,15.166667
TREEHOUSE,1.0999999,3.0,0.36666664
FCSSOFT,0.14999999,3.0,0.049999997
IFCI,29.030005,11.0,2.6390913
SHUBHLAXMI,2.9000015,2.0,1.4500008
CDSL,19.550018,3.0,6.5166726
ISMTLTD,0.6500001,3.0,0.2166667
ROHITFERRO,0.25000003,3.0,0.08333334
STAN,9.900005,3.0,3.3000019
PIDILITIND,126.45007,3.0,42.150024
SHAKTIPUMP,32.750015,3.0,10.916672
SWSOLAR,27.75,3.0,9.25
NBVENTURES,27.900002,3.0,9.3
IPCALAB,131.15002,3.0,43.716675
STAR,62.0,3.0,20.666666
UNIPLY,2.000001,3.0,0.666667
VISASTEEL,0.8499999,3.0,0.2833333
ZODIACLOTH,21.800003,3.0,7.266668
IVZINNIFTY,53.900024,3.0,17.966675
SUPERHOUSE,15.599998,3.0,5.1999993
SHIVAMAUTO,3.7000008,3.0,1.2333336
COFFEEDAY,6.949997,3.0,2.3166656
GTNTEX,0.0,2.0,0.0
CESCVENT,51.100037,3.0,17.033346
NESTLEIND,1126.5,3.0,375.5
AMJLAND,8.650002,3.0,2.883334
NDTV,3.5999985,3.0,1.1999995
SPICEJET,7.0999985,3.0,2.366666
BAJAJFINSV,924.6504,3.0,308.2168
M100,1.3199997,3.0,0.4399999
GOLDSTAR,0.0,1.0,0.0
HHOF1140RG,0.6699991,3.0,0.22333305
DWARKESH,5.75,3.0,1.9166666
SINTERCOM,0.80000305,2.0,0.40000153
SIRCA,48.700012,3.0,16.233337
GICHSGFIN,7.949997,3.0,2.649999
MOREPENLAB,1.4499998,3.0,0.48333326
AVG,3.25,3.0,1.0833334
BGLOBAL,0.1500001,3.0,0.05000003
FOSECOIND,274.20007,3.0,91.400024
PDMJEPAPER,2.4500017,3.0,0.81666726
MANAV,0.0,1.0,0.0
SIMPLEXINF,3.800003,3.0,1.2666677
NORBTEAEXP,0.0,1.0,0.0
VIDEOIND,0.20000005,3.0,0.066666685
KHFM,3.0999985,3.0,1.0333328
TIMESGTY,13.400002,3.0,4.466667
MOHOTAIND,1.25,3.0,0.41666666
BASF,66.79999,3.0,22.266663
RITES,39.299988,3.0,13.099996
TVTODAY,16.350006,3.0,5.450002
BROOKS,14.350002,3.0,4.7833343
RELINFRA,4.3500004,3.0,1.4500002
ASHIMASYN,1.5999999,3.0,0.5333333
COMPINFO,4.8499994,3.0,1.6166664
JHS,2.3999996,3.0,0.7999999
PRESSMN,5.9000015,3.0,1.9666672
PRESTIGE,35.19998,3.0,11.733327
PURVA,9.599998,3.0,3.1999996
SHALPAINTS,19.75,3.0,6.5833335
ULTRACEMCO,320.6499,3.0,106.8833
ORIENTHOT,2.6000004,3.0,0.8666668
JTEKTINDIA,13.050003,3.0,4.350001
GPTINFRA,8.650002,3.0,2.883334
SGBNOV23,119.0,3.0,39.666668
SGBNOV24,83.44995,3.0,27.81665
SGBNOV25,174.98999,2.0,87.494995
SGBNOV26,4.0,3.0,1.3333334
BHARATFORG,45.450012,3.0,15.150004
HILTON,2.750001,3.0,0.916667
STEL,7.550003,3.0,2.5166676
HATHWAY,1.75,3.0,0.5833333
DALBHARAT,109.0,3.0,36.333332
RESPONIND,5.4500046,3.0,1.8166682
SPENCERS,17.350006,3.0,5.783335
DOLAT,8.300003,3.0,2.7666676
DMART,226.5,3.0,75.5
ORIENTELEC,57.350006,3.0,19.116669
FMGOETZE,51.899963,3.0,17.299988
GOACARBON,31.25,3.0,10.416667
THOMASCOOK,11.049999,3.0,3.6833332
NETFLTGILT,0.19000053,3.0,0.06333351
KARDA,4.75,3.0,1.5833334
VISAKAIND,27.100006,3.0,9.033336
VIVIDHA,0.25,3.0,0.083333336
ADANITRANS,33.44998,3.0,11.149994
SUJANAUNI,0.3,3.0,0.1
TERASOFT,6.550001,3.0,2.1833336
AXISGOLD,121.6499,3.0,40.54997
GMMPFAUDLR,246.6499,3.0,82.21664
BLUEBLENDS,0.100000024,3.0,0.033333343
DABUR,54.25003,3.0,18.083344
LICNFNHGP,9.190002,3.0,3.0633342
IDBIGOLD,98.19995,3.0,32.73332
CENTURYPLY,9.949997,3.0,3.3166656
FCL,2.8500004,3.0,0.9500001
REVATHI,108.45001,3.0,36.150005
L&TINFRA,200.25989,16.0,12.516243
INDIGRID,1.4199982,3.0,0.47333273
BLKASHYAP,0.95000076,3.0,0.31666693
JINDWORLD,8.600002,3.0,2.8666675
CAREERP,15.449997,3.0,5.149999
KUANTUM,57.99997,3.0,19.333323
FDC,23.449997,3.0,7.8166656
FOCUS,0.0,2.0,0.0
NTL,0.25,3.0,0.083333336
ORTEL,0.20000005,3.0,0.066666685
GAYAHWS,0.15000004,3.0,0.050000012
BARTRONICS,0.099999905,3.0,0.0333333
MADHUCON,0.6500001,3.0,0.2166667
RUPA,29.999985,3.0,9.999995
BASML,18.299988,3.0,6.099996
JAIBALAJI,8.5,3.0,2.8333333
GILLETTE,104.200195,3.0,34.7334
ISFT,17.650002,3.0,5.8833337
JMA,6.3500004,3.0,2.1166668
UNIONBANK,4.3500023,3.0,1.4500008
NIBL,0.7000003,3.0,0.23333342
DCBBANK,22.449997,3.0,7.483332
BINDALAGRO,3.25,3.0,1.0833334
KMSUGAR,1.0999994,3.0,0.36666647
ISEC,58.350006,3.0,19.450003
FEL,3.0500011,3.0,1.016667
GMBREW,38.05005,3.0,12.68335
BEDMUTHA,0.9499998,3.0,0.3166666
SPAL,22.90001,3.0,7.6333365
NAGREEKEXP,2.699998,3.0,0.8999993
SRTRANSFIN,799.49,81.0,9.870247
KDDL,69.899994,3.0,23.299997
MARALOVER,2.750001,3.0,0.916667
SUNFLAG,4.350006,3.0,1.4500021
RICOAUTO,4.049999,3.0,1.3499998
HDFCSENETF,229.25,3.0,76.416664
KOTAKBKETF,17.449982,3.0,5.8166604
SHREECEM,1799.0508,3.0,599.6836
SUREVIN,0.0,1.0,0.0
VAISHALI,6.199997,3.0,2.0666656
KABRAEXTRU,12.000008,3.0,4.0000024
EMAMILTD,45.549988,3.0,15.18333
MAHICKRA,0.9500046,3.0,0.31666818
PREMIER,0.10000014,2.0,0.05000007
SETUINFRA,0.24999988,3.0,0.08333329
UMANGDAIRY,7.4000015,3.0,2.4666672
DPABHUSHAN,0.0,1.0,0.0
SGBDEC26,0.0,1.0,0.0
JAYNECOIND,0.7500005,3.0,0.25000015
INDIANB,8.25,3.0,2.75
ASTRON,3.9000015,3.0,1.3000005
CUMMINSIND,102.900024,3.0,34.300007
SANDESH,40.75,3.0,13.583333
TRITURBINE,4.0999985,3.0,1.3666662
BURNPUR,0.25,3.0,0.083333336
PRITI,12.0,1.0,12.0
BALAXI,30.199997,3.0,10.066666
BIOCON,29.799988,3.0,9.93333
RADAAN,0.100000024,2.0,0.050000012
ONMOBILE,2.4000034,3.0,0.80000114
RMCL,1.5499997,3.0,0.5166666
JKPAPER,9.649994,3.0,3.2166646
TCNSBRANDS,85.35004,3.0,28.450012
AUBANK,122.75,3.0,40.916668
GREAVESCOT,13.050003,3.0,4.350001
FAIRCHEM,51.649994,3.0,17.216665
SHREYANIND,16.399994,3.0,5.466665
NAHARINDUS,5.549999,3.0,1.8499998
AMRUTANJAN,48.599976,3.0,16.199991
INSPIRISYS,7.700001,3.0,2.5666668
JAYBARMARU,25.149994,3.0,8.383331
GENUSPOWER,2.8499985,3.0,0.9499995
PUNJLLOYD,0.30000007,3.0,0.100000024
BHAGYANGR,4.050001,3.0,1.3500004
REPRO,60.099976,3.0,20.033325
KNRCON,35.849976,3.0,11.949992
PATSPINLTD,0.4500003,3.0,0.1500001
ORISSAMINE,310.45007,3.0,103.48336
STARCEMENT,11.849998,3.0,3.9499996
CENTRALBK,3.6999989,3.0,1.233333
TCIFINANCE,1.2499986,3.0,0.41666618
APLLTD,51.75,3.0,17.25
INDOTHAI,3.2999992,3.0,1.0999998
IBULISL,20.349998,3.0,6.783333
ARIHANTSUP,4.5,3.0,1.5
WILLAMAGOR,2.5,3.0,0.8333333
BANDHANBNK,50.600006,3.0,16.866669
LUXIND,153.69995,3.0,51.23332
SGBNOV258,0.0,2.0,0.0
SCI,5.699997,3.0,1.899999
SURANI,0.0,2.0,0.0
SKMEGGPROD,5.4500046,3.0,1.8166682
BOROSIL,19.550003,3.0,6.516668
SURYAROSNI,17.949982,3.0,5.9833274
